{
  "123a": {
    "id": "123a",
    "name": "Spider-Man: No Way Home",
    "picture": "https://images-na.ssl-images-amazon.com/images/I/91PKNbBAufL._RI_.jpg",
    "director": "Jon Walls",
    "date": "2021-12-12",
    "rating": 4,
    "isSeries": false,
    "actors": {
      "Tom holland": {
        "name": "Tom holland",
        "picture": "https://upload.wikimedia.org/wikipedia/commons/thumb/3/3c/Tom_Holland_by_Gage_Skidmore.jpg/1200px-Tom_Holland_by_Gage_Skidmore.jpg",
        "site": "https://upload.wikimedia.org/wikipedia/commons/thumb/3/3c/Tom_Holland_by_Gage_Skidmore.jpg/1200px-Tom_Holland_by_Gage_Skidmore.jpg"
      },
      "zendaya": {
        "name": "zendaya",
        "picture": "https://upload.wikimedia.org/wikipedia/commons/2/28/Zendaya_-_2019_by_Glenn_Francis.jpg",
        "site": "https://upload.wikimedia.org/wikipedia/commons/2/28/Zendaya_-_2019_by_Glenn_Francis.jpg"
      }
    }
  },
  "123bn": {
    "id": "123bn",
    "name": "scrubs",
    "picture": "https://m.media-amazon.com/images/M/MV5BODE1MGVjZjMtODc5My00ODBjLTg0NWItMDllNTNlM2Y3ZGYyXkEyXkFqcGdeQXVyNTA4NzY1MzY@._V1_.jpg",
    "director": "some guy",
    "date": "2009-01-01",
    "rating": 5,
    "isSeries": true,
    "series_details": [
      22,
      21,
      21,
      22
    ],
    "actors": {}
  },
  "1s3g5f": {
    "id": "1s3g5f",
    "name": "Free guy",
    "picture": "https://m.media-amazon.com/images/M/MV5BOTY2NzFjODctOWUzMC00MGZhLTlhNjMtM2Y2ODBiNGY1ZWRiXkEyXkFqcGdeQXVyMDM2NDM2MQ@@._V1_.jpg",
    "director": "fred",
    "date": "2021-10-10",
    "rating": 5,
    "isSeries": false,
    "actors": {
      "Ryan reynolds": {
        "name": "Ryan reynolds",
        "picture": "https://m.media-amazon.com/images/M/MV5BOTI3ODk1MTMyNV5BMl5BanBnXkFtZTcwNDEyNTE2Mg@@._V1_UY264_CR5,0,178,264_AL_.jpg",
        "site": "https://m.media-amazon.com/images/M/MV5BOTI3ODk1MTMyNV5BMl5BanBnXkFtZTcwNDEyNTE2Mg@@._V1_UY264_CR5,0,178,264_AL_.jpg"
      }
    }
  }
}